data,2249028,2250024,2250032,2250033,2250035,2250048,2251039,2349005,2349007,2349020,2349030,2349059,2349060,2349061,2349064,2350011,2350017,2350033,2350048,2350052,2350053,2350054,2350062,2351011,2449011,2449044,2450002,2450006,2450025,2450026
1/1/1976,205.3,,,152.2,285.9,169.2,181.1,117.4,105.3,136.5,103.4,111.7,,216,,,259.4,,108.2,,192.8,,221.5,146.7,208.1,203,254.6,192.9,,
2/1/1976,218.1,184.8,216.9,227.1,172.4,,,,154.5,107.5,,263.5,221,82.9,133.1,214.5,161.4,227.1,119.4,,,158.9,146,136,,125,226.6,228.2,187.1,147
3/1/1976,,242.8,223.6,177.7,176.5,134.1,152.9,140.6,94.3,,206.7,160.2,117.8,166.2,127.1,202.2,218.4,207.8,,,82.9,134.1,182.7,92.9,150.4,114,240.4,134,114.8,191
4/1/1976,70.5,48.6,80.5,,69.8,69.3,148.4,46.5,,,76.1,67.1,70.9,,,,65.9,94.7,54,,102.2,,68.4,137.8,44,57,173.2,,83.2,
5/1/1976,145.4,,,144.7,133.8,154.9,140.1,151.7,,153.9,127.7,151.3,116,,147.6,140.4,145.6,105.5,92.9,335.2,155.8,149.2,,123.2,180.3,142,225.6,144.8,180.3,281.5
6/1/1976,92.4,93,81.3,90.1,87.5,97.2,91.6,91.3,108.1,78.3,94.6,140.5,,69.1,76.3,90.5,84.8,,67.3,114.9,108.8,101.7,85.4,,117.2,74,147.4,62.1,108.3,142.8
7/1/1976,,93,67.5,77.9,83.8,114,101,87.6,,166,66.6,149,,97.9,99.7,76.6,79.5,83,76.5,162.6,80.4,68.2,57.8,55.8,125.8,121,162.6,77.2,,140.5
8/1/1976,160.8,204,203.5,183.6,211.3,,,,,167.7,,155.1,212.7,143.8,,219.4,192,192.7,,278,,,224.5,195.4,115,157,219.2,,127.2,166.1
9/1/1976,153.3,128,,166.9,177.7,142.6,162.6,141.8,164,127.2,129.4,,149.4,124.7,108.4,176.6,178.6,178.4,126,198.8,177.2,148.7,,,107.7,94,203,110.4,140.8,184.1
10/1/1976,101,72,,121.1,,159.6,156.9,94.2,,121.6,180.4,156.3,145,,,149,104,188.3,150.9,232,192.8,,157.7,188.5,87,,169.4,140.3,132.4,98.5
11/1/1976,136.9,160,231.7,,185.7,195.5,219.3,116.4,150.6,,111.8,128.4,81.6,168.9,116.1,243.9,229.3,,132.6,193,,,153.5,234.9,116.4,126,222,129,127.1,122.7
12/1/1976,,216.8,,242.6,169.1,273.2,,194.6,190.5,152.8,139.1,131,222,172.4,146.1,183.2,199.6,,,,182,158.1,149.3,231.8,,,259,206.5,160.7,
1/1/1977,220,118,,139.1,203.6,231.7,,175.5,,149.6,142.5,150.5,139.3,133.7,166.5,183.9,176.5,138.8,,183.2,,195.2,167.5,239.5,,226,249,,138.8,
2/1/1977,201.9,,130.2,110,105.1,204.4,111.4,86.3,,83.9,,,84.8,74.6,,132.2,167.2,152.6,127.8,,151.4,,129.6,131.2,116.4,159,220,83.6,181.4,196.3
3/1/1977,165.7,71.2,134.3,128.3,181.1,109.8,157.7,110.6,128.5,151.8,99.4,142.6,85.6,,153.8,153.2,203.9,99,111.6,213,126,112.5,138.6,211,134.5,,308,143.1,175.5,210.9
4/1/1977,103.3,57.4,74.9,66.7,99.4,49.8,163.8,,110,120.8,,92.7,100.2,137.2,176.2,93,99.3,110.9,112.4,139.2,119.4,103.1,,184.7,140.2,106,170.5,90.5,120,
5/1/1977,1.2,5.3,25.8,12.4,6.3,6.3,34.1,1.7,1.2,2.5,,3.2,9.2,0,24.6,15.3,17,,0.9,,23.7,8.2,,15.5,16.8,4,26.4,24.9,,
6/1/1977,67.2,34.6,100.1,58.5,,101.4,126.7,52.1,50.7,,97.3,108,74.9,,77.1,52.5,,,90.1,94,125.5,108.6,117.5,182.5,87,68,171.4,124.6,,73.5
7/1/1977,55.8,32.5,22,29,38,23.6,86,43,85.6,30.3,48.4,31.6,23.4,36.3,46.8,35,40.5,29.4,19,38.8,,,,10.1,,53,122,47.9,118.6,80.7
8/1/1977,11.3,0.8,15,12.1,,,22.6,10.9,,11,11.1,,11.6,14.5,17.4,13.4,7.8,,40.2,43.4,23.7,17.4,22.5,,,24,100,,79.4,88.7
9/1/1977,107.1,28.2,51.1,53.8,51,102.6,,36.6,,,49.7,47.9,73.4,,72.4,,35.6,40.8,39,84.9,113.9,46,89.7,86.5,,75,144,63.8,72.8,93
10/1/1977,,92,13.9,77,116.6,76.1,103.2,55,,121.6,,90.1,117.6,111.4,87.2,137.4,91.6,,59.8,146.7,87.3,106.9,83.6,51.1,118.1,100,221,117.7,,137
11/1/1977,130,127.7,174.3,147.3,148,167.2,189.1,123.9,158.7,232.2,183.9,112.1,156.8,156.8,,135.3,120.7,164.7,118,,141.6,,,210.7,,98,,111.9,,162.6
12/1/1977,244.6,,231.2,259,147,168.7,215.9,,,112,112.9,,186.2,,142.2,,,219.6,152.6,153.6,248.5,96.8,92.8,239.4,133.9,201,263,109.1,101.3,135
1/1/1978,108.4,133.7,69.1,,87.9,220.7,78.8,53.1,69.1,,76,136.6,,,33.9,158.1,109.5,102.6,,187.7,97.4,115.7,,120,,75,209,68.3,47.8,89
2/1/1978,,89.1,122.1,,42.5,92.3,102.1,74.1,109.5,140,29.5,93.3,89.6,135.6,,52.8,74.6,67.3,,,89.5,37.6,62.8,118.2,49.8,,,46,70.3,50.7
3/1/1978,234.3,219.7,216.9,189.8,364.3,219.5,217.9,,151.4,,165,198.4,,,191.6,290.6,321.9,117.2,175.8,253.3,163.3,151.6,134,133.3,,166,167.7,167.1,150.5,
4/1/1978,,0,10.4,0,0.4,1.6,4.7,0,0,13,4.8,0,6.2,23.3,,0,0,3.5,0,0,4.9,14.2,,3.8,0,0,0.4,0,0,
5/1/1978,139.9,,101,127.4,,,87.3,103.8,76.3,126.5,105.3,94,113,118.7,131.4,99,108,,67.5,91.3,111.7,117.8,72.4,58.5,102.3,82,103.2,94.1,202.2,132.1
6/1/1978,,27,27.2,,,7,,27.1,49.7,,26.4,19.6,28.6,,42.2,17.8,23.1,18.4,21.6,46,18.6,26.6,,19.5,32.3,45,55.6,42.1,35.2,41.9
7/1/1978,159.3,105.3,133,141,111.6,,153,117.6,,143.4,180.8,,124.2,169.8,,126.4,,154.9,186.1,289.7,,183.4,202.8,205.4,,125,194.5,186.9,352.2,298.7
8/1/1978,7.8,,11.4,7.9,12.8,4.5,14.4,8.2,8.7,22.5,19.7,17.1,15.4,28.6,31.8,15.4,7.1,,,47,,16,20.8,14.2,47.7,36,66.1,26.2,92.6,73.4
9/1/1978,,49.6,141,108,,113.7,134.8,81.8,101.8,110,,,,117.7,177.4,,,122.1,138,240.1,144.3,139.2,100.8,,255.6,136,146.7,145.7,256.8,223.1
10/1/1978,134.2,127,44.8,72.6,87.6,91.8,38,,94.6,57.2,,83.8,,67.6,68.6,71.6,100.4,,26.7,119,62.6,,,52.9,55.2,96,,55.6,73.8,84.3
11/1/1978,,65,76.4,154.8,139.9,,80.8,148,175.3,232.7,,207.8,153.6,176.9,273.2,137.6,188.1,170.8,,178,,191.2,101.2,152.2,143.9,235,216.8,99.3,,194.3
12/1/1978,207.6,169.4,139.2,152.6,161.6,93.2,,223.2,191.1,138.8,157,216.3,,141.6,166.6,134.8,164.3,,186.9,375.2,144.9,,,206.5,95.2,,84.3,86.4,78.8,81.3
1/1/1979,55.1,,75.5,53.8,,46.9,62.9,88.3,113.3,76.5,54.3,,,88,111.6,75.8,95.9,47.7,30.9,106.4,63,35.8,,25.8,94.6,102,125.9,66.6,,72.6
2/1/1979,,,,148.8,146.3,116.5,131.6,66.9,,123,,188.8,,29.6,129.2,144.1,164.7,162,70.5,99,127.2,82.6,80.8,188.3,61.7,126,120,,98,82.8
3/1/1979,224.4,103,116.2,81.1,53.6,225.6,49,,,45,48,51,73.8,82.8,57,,85.6,,74.8,279.3,,64.2,,72.9,120,111,,28.2,78.2,54.4
4/1/1979,41.1,32.9,38.2,60.3,72,83.4,,,32.8,51.5,26.7,27.7,28.9,,51,67.9,43.4,18.9,18.5,21,39,,65.6,37.6,44.7,41,59.5,54,71.4,
5/1/1979,189.1,143.2,162.7,166.2,133.7,214.5,175.1,,,162,152.6,150.8,153.2,183.6,,161.8,140.6,172,,367.3,,162.5,,170.1,,231,,211.9,,
6/1/1979,0,0,0.1,0,0.9,0,0,0,,8.1,0.4,,,8.9,18,,0,0,0,,2.7,2.6,2.2,1.1,5.6,,9.6,,18.2,22.4
7/1/1979,79.5,59.6,69.7,59.8,79.5,67.9,33.6,75.1,,45,,70.2,,48.7,55.4,64.6,67.7,86.6,60.5,165.7,84.3,62.6,,90.5,74.5,54,68.3,121.1,,66
8/1/1979,80.5,40.6,57.7,,66.7,,32.1,87.3,,107,90.8,76.6,103.5,98.8,101.2,79.9,62.8,65.1,10.3,123.2,110.6,119,92.2,39.3,90.7,101,89.5,91.3,,81.9
9/1/1979,134.1,,123.5,114.7,133.3,145.7,160.4,137.5,142.2,126.5,146.5,135.2,154.4,126.5,157.4,162,,162.9,62.1,243.8,,,147.2,245.4,221.7,180,,200,201.6,
10/1/1979,,79.2,,141.7,161.1,75.1,139.5,148,147.2,138,138.6,131.2,121.6,,,177.1,,70.4,51.7,,141.2,154.4,99.2,215.2,174.1,202,248.8,107.2,,
11/1/1979,112.7,149.4,161.2,,219,188.2,,150.3,103.1,,190.4,160.8,129.4,121.6,171.6,,138.1,133.5,36.1,,127.3,,91.2,131,117.7,147,102.9,117.8,,177.6
12/1/1979,139.8,93,142.3,124.1,198.8,169.9,121.2,238.7,184.2,142.1,,147.4,145,94.6,198.8,167.2,,130.9,54.6,,118.5,116.6,,103.8,108.8,106,123.8,93.3,277.8,144.6
1/1/1980,375.1,268,119.7,178.4,214.6,,119.9,192.2,162.4,329,318.8,223.4,159.6,,234.8,200.8,207.4,168,138.7,,,259.6,269.1,266.9,204.6,264,,,198.2,262.5
2/1/1980,,242.8,,298.4,294.6,296.2,328.8,,291.8,233,249.1,261.2,280,256.8,209.4,416.6,,216.6,,248.5,267.6,253,320.3,330.4,130.1,184,,149.6,,
3/1/1980,114.8,127.2,270.7,,93.2,221.2,,49.2,130.7,100,140,126.6,122.2,161.8,107.2,,136.4,225.7,189.2,,,188.6,88.4,,158.9,124,,93.2,161,160.2
4/1/1980,75.8,,,122.5,105.5,105.1,,156.4,,81,68.9,,,,68.2,96.5,84.5,,52.8,55.7,140.4,73.4,102.2,113.4,65.7,106,120.2,114.4,112.8,106
5/1/1980,38.1,,43.7,52.8,55.1,67.7,62.2,39.4,13.5,,45,39.6,,23.2,32.6,70.6,43.7,49.2,36.1,103.8,,56.4,78,,49.4,24,76,100.9,75.6,63.8
6/1/1980,51.2,48,83.5,,,32.9,81,104.3,86,,67.6,53.4,50.6,77.1,83.4,97.3,77.5,115.6,61.8,,70.2,,64.4,,75.7,96,,87.3,,77.6
7/1/1980,,10,,,41.5,11,35,56.4,29.6,127.5,,89.2,77.2,97,,44,45.8,66.5,61.9,,65.8,79,86.6,55.8,87.3,111,121.6,89.6,128.2,124.9
8/1/1980,,48.5,23,40.7,53.3,20.4,41.2,58.1,,58.5,91.5,94.8,56.8,64.6,78.8,36.3,,78.8,,88.8,92.1,78.8,70.2,78.7,112.3,86,112.4,,141.2,
9/1/1980,102.6,,138.8,121.3,99.4,116.8,148.8,,,,99.8,114.6,82,124.1,133.2,104.6,,111.5,,,,,133.2,165.2,212.5,,184.2,229.8,195.8,166
10/1/1980,,7,60.9,70.9,86.5,135.2,125,65.9,109.8,,72.9,62.6,44.8,53.2,45,,87.8,60.4,7.7,158.3,,78.6,73.4,81.6,62.4,44,,39.1,,
11/1/1980,,120.2,,83.9,91.7,86,129.4,159.9,148.2,110.5,,,114.2,66.9,69.6,98.4,,157.9,,,109.6,83.4,115.6,95.9,,70,103,154.9,136,
12/1/1980,160,222.4,450.3,227.3,200.8,242.1,,250.6,,,324,450.2,,193.3,201.4,190.1,219.3,279.1,,283.3,260.4,293,285.2,382,251.8,224,,276.9,298.4,387.4
1/1/1981,180.7,183.7,140.5,,254,234.4,134.4,,200.6,,,240.8,,156.9,206.4,209.6,206.7,185.4,,260.1,,243.4,272.2,396.5,212.9,345,247.4,,201.8,242.8
2/1/1981,,61.3,46.4,,,,67.2,60.1,,64.2,57.4,49.2,111.8,87.1,135.2,,50.8,166.5,95.7,42.9,50.1,67.3,,123.5,,121,97.8,74.7,58.6,71.8
3/1/1981,,,84.8,,65.9,,35.8,,129.2,38.6,89.4,,89.5,47.1,80.6,81.5,80.1,99,0.7,,,137.2,39,42.8,34.8,,50,,27.4,19.7
4/1/1981,216.4,,132.6,,181.7,151.2,,129.5,122.6,,191.4,169.2,174.2,191.8,112.4,,,154.8,102.3,180.6,182.5,233.2,,116.1,145.6,106,97.4,,94.7,92.9
5/1/1981,1.5,1.4,3.9,4.2,2.9,,6.8,,26,19.5,3,2.4,16.5,23,28,1.8,,,0.9,1.4,3.6,2.6,5.6,2.3,58.1,11,,3.3,27,92.5
6/1/1981,90.6,,116.4,,96.6,105.3,126.2,,99,,75.1,74.6,67,58,52.6,107.7,108.6,62.1,3,75.4,,65.2,63.9,74.4,38.5,53,70.4,71.7,55.3,57.2
7/1/1981,11.7,19.2,18.7,17.6,13.2,14.9,,25.1,22,31.7,22.4,20.4,,31.1,,28.6,,15,1.8,10.4,18.1,23.6,,16.4,,27,,3.6,,15.6
8/1/1981,12.3,10.2,8.7,6.5,0,5.7,8,2,23.5,18.1,13.5,,13.9,,,16.4,,7.3,0.2,16.8,12.7,19.2,18.2,6.5,29.6,33,,15.7,26,37.6
9/1/1981,1.4,6.9,4.4,0,0,1.3,14,10.8,21,,15.5,10.6,,49.6,,,2.3,0,1.1,29.6,2.1,7,44.4,11.7,,45,48.3,39.4,62.6,
10/1/1981,205.2,187.7,228.3,,187.8,,229.4,172.3,211.8,,181,,164.6,,229.4,160.2,,233,130.3,279.8,268.4,200.4,168.4,306.3,136.3,211,208.6,205.6,260.9,252.6
11/1/1981,116.2,89.9,144,218,,179.2,261.8,86.8,147.4,76.2,,145.8,120.8,75.3,63,183.4,146.4,149.6,54,159.3,126.7,197.4,215.6,238.2,79.9,113,109.8,193.6,76.9,67.1
12/1/1981,230.3,289.9,390,,251.5,183.2,283.6,229.9,238.6,243.2,244.1,288.8,267.7,226.9,227,,288.8,292.5,202.2,,281.4,285.4,266.2,296.7,159.1,,266.6,274.1,215.6,
1/1/1982,231,273.8,,165.5,,184.7,105,241.8,321,,112.7,97.8,80.8,,46.8,215.3,213.6,67.3,66.1,72.4,40.8,,,145.4,,69,113.2,54.8,73.4,
2/1/1982,213.8,229,458.1,275.9,261.2,,249.8,191.9,358.5,298.8,245.2,220.2,262.4,,270.8,236.6,222.3,209.8,85.1,162.6,151.7,,220.6,,272,361,315.2,148.9,231.2,363.8
3/1/1982,,,133.7,159.4,,,130.8,,59.4,60.3,82.3,90.6,154,56.4,53.2,169.5,154.8,,115.8,,162,125.2,165,,59.1,59,113.6,,,75.1
4/1/1982,51.1,,35,54.2,28,65.7,31.2,24.2,23.3,38.4,20.8,47.2,16.6,39,18,,34.6,63,19.1,24,30.8,37.8,15,12.4,7.7,15,5,,62,22
5/1/1982,,58.4,83,81.5,61,64.4,59,,60.4,84.6,106,,122.8,,101.2,74.1,60.8,109.3,,108.3,100.7,114.6,62.4,68.6,91.7,117,70.2,65.7,,90.9
6/1/1982,227.6,184.4,192.2,183.1,260.4,224,159.2,195.6,,215.5,220.5,275.6,191.2,214.8,225,209.6,190.6,,127.5,250.4,238.9,247.6,,,282.7,202,288,268.9,,
7/1/1982,78.1,221.7,111.5,79.9,90.5,82.2,100.8,77.6,,169.5,154,146.2,132.2,165.8,147.2,79.1,84.8,210.7,81.3,135.3,140.5,,189.8,,199.4,188,232.4,168.9,208.2,215.9
8/1/1982,45.3,27.2,22.4,32.9,,,,22.9,,15.9,18.9,21,6.2,29.4,,27.9,26.3,17.6,2.5,34.9,,45.6,33,50.2,89.5,21,82.2,,80.4,
9/1/1982,24.3,35.2,,36.6,40.3,44.5,32.8,49.6,45.5,24.2,,,12.4,15.7,10.4,44.5,34.2,,38.2,32.9,,30.6,19.4,32.4,,15,39.2,23.2,,33.8
10/1/1982,134.9,196.3,161.8,156.2,219.8,,192,196,207.6,245,192.2,227.4,188,,183.4,170.5,192.1,165.3,164.3,,174.1,181,,142,262.1,217,315.8,263.6,309.1,
11/1/1982,218.1,222,,335.8,,189.5,296.4,244.4,253.8,385.4,,347,,,,343.7,341.8,293.3,214.6,261.9,269.6,,,,351.2,257,411.8,413.6,304.4,318.8
12/1/1982,327.5,337.7,324.5,,305.8,404.1,403.4,374.7,296.7,,340,298,,,339.2,288.5,,335.6,230.2,,361.1,315.8,274,280.6,95.4,,,180,,188.8
1/1/1983,295.2,129.6,176.4,178,109,258.8,379.4,,343.5,248.5,180.6,191.8,263.4,,,218.5,,206.8,41.5,165,196.9,144.4,196.4,205.8,182.7,264,259.2,250.7,303.8,
2/1/1983,158.2,,75.6,,116.5,141.1,131,176.1,127.8,119.4,66.8,62.8,21.6,,94.8,,,58.5,3.3,97.2,72.1,43.6,60.4,88.1,67.9,,100.8,151.4,242.4,114.3
3/1/1983,,68.6,246.2,141,,226.9,254.2,,197.4,228.1,179.7,188.6,171.6,,,154.2,103.9,150.9,5.1,157.2,166,,126.4,293.5,175.5,168,185.6,205.8,278.8,170.3
4/1/1983,117.2,127.8,108.7,126.9,172.7,,70.6,210.9,123.9,130,,163.4,158.4,145.8,,204.4,153.4,,69.7,115.1,120.3,,123.5,93.7,168.9,124,162,,222.4,177.3
5/1/1983,256.8,229.1,,,257.7,304.2,291,329.6,412.7,477.3,414.3,496.6,473.6,300.3,,260.4,244.1,460.1,334.3,456,347.1,434.4,322.7,,437.6,304,411.8,288.7,487.6,446.9
6/1/1983,202.8,,357.3,214.6,219.4,255.4,159.6,248.5,276.9,233,174.2,322.4,,232.8,,228,221.1,219.9,233.6,224.9,220.9,235.6,,,,,349,,390.6,405.2
7/1/1983,,2.2,,3.1,9,5.4,,,16.4,20.1,12.7,,56,12.8,26.8,,9.8,12,0.9,,7.1,13.8,21.6,10.5,108.1,,117.4,49.1,,149.6
8/1/1983,0,0,0,0,0,0,0,0,0,0.1,0,,0,,,0,0,0,,0,,,0,0,0.1,2,,0,,
9/1/1983,217.3,198.9,158.5,208.2,,213.8,197.6,160.1,,264.8,235.5,262.8,239,269.4,285.2,222,,217.4,199.4,342.3,,252.6,,208.7,,193,334.2,,411.6,
10/1/1983,94.6,83.5,144.2,160.7,106,127.4,,85.3,127.3,,130.2,63.2,,89,149.6,110.6,99.5,100.7,40,154.2,106.4,,103.4,125.8,117.8,188,140.8,153.7,,146.6
11/1/1983,151.3,,91.9,129.5,184.9,146.4,,,134.5,,126.2,,130.2,98.4,87.2,,156.6,,117.4,106.2,123.2,158.3,89.6,,93.7,70,,97.5,,75.4
12/1/1983,198.4,162.4,83.5,119.8,89.3,164.3,178.4,,,180.4,121.8,107.6,119.4,137,112.8,90.5,93,154.1,110.5,140.2,110.1,121.5,,,178.7,134,,157.9,,136.7
1/1/1984,123.4,,220.4,181.6,,143.4,147.6,130.3,,106,212.3,183.8,101.8,160,98.3,140.2,,180.6,151.8,145.9,212.3,179.8,140.4,95.5,110.1,124,234.8,96.5,113.4,114.1
2/1/1984,61.2,55.3,132.3,119.1,50.6,111.7,60.6,,53.6,130.7,61,,8.4,46.8,,29.4,69.8,115.7,80.9,156.7,93.2,,37.7,52.4,95.4,68,89,19.6,145,128.3
3/1/1984,95.7,98,176.9,168.8,129.5,152.4,79.4,78.7,103.9,38.3,86.8,61.6,77,55.6,34,135.4,149.7,79.5,32.7,202.2,,77.2,174.6,,82.3,67,162.8,143.1,,145.7
4/1/1984,159.3,100,79.5,57.6,,84.7,,72.8,87.2,51.2,70.4,66,59.9,32.2,,80.8,69.7,149.2,135,,,84.6,,160.5,140.7,60,141.8,186.7,188.4,124.7
5/1/1984,93.6,31.3,43.7,40.4,61.2,64.1,,69.9,,73.5,105,85.6,93.7,,,64.6,62.7,104.4,77.2,121.2,117,111.2,80,53.1,83.5,85,112.4,111.6,75.2,106.5
6/1/1984,0,,,0,,0.5,,,,,2.3,0,0.3,6,10.8,0,,1.3,0.2,4.7,2.5,5,1.8,5.8,58.4,2,35.8,,,
7/1/1984,2.7,5,,1.1,0.8,1.7,,0,8,11.1,,0,4,12.8,36.8,5.8,,,0.4,6.2,,6.6,19.6,7.8,65,49,103.8,40.5,25.2,57.1
8/1/1984,,50.5,63.9,61.7,67.2,,52.6,62.9,55.6,83.4,,,94,103.8,109.6,85,73.7,66.2,106.8,90.6,82,96.8,91.4,92.1,175.9,114,153.4,109.1,125.8,
9/1/1984,69,96.7,96.2,90.7,81.6,83.7,82.8,79.9,90.4,116.2,103.5,113.6,93.1,118,100.2,,53.4,,82.1,100.3,,116.4,115.4,122.4,119.3,122,143.4,,148,140.2
10/1/1984,,,16.9,96,34,47.4,63,5.7,,25,49.4,50.8,50.3,34.8,34,21.4,22.7,,,67.5,50.3,21.8,45.8,,,23,100.8,23.2,,
11/1/1984,88.1,29.1,64.9,62.4,121.2,,,51.5,93.5,133.8,83.7,59.4,59,,180.8,,49.8,102.9,121.5,93.3,107.5,153,,133.3,283.7,183,282.2,138.3,257.4,321.4
12/1/1984,201.5,224.4,,,270.6,,291.4,311.3,,,316.3,389.6,254,,269.2,304.2,306.3,272.7,240.3,,277.7,303,257.7,236.1,172.8,,191.2,,208.4,237.6
1/1/1985,176.4,119.4,19.1,90.2,114.7,180,167.4,124.8,138.6,103.6,,202.4,84.9,77.3,82,125.4,123.1,104,135.4,48.2,118.4,,28.4,135.6,27.5,,89.4,49,66,69.1
2/1/1985,,,254.7,143.5,142.3,119.4,292,128.7,178.5,98.6,201.2,180.8,,,68.4,239,219,,65.4,114.2,98.7,,,126.4,116,75,171.7,164.7,,176.7
3/1/1985,232.6,184.8,191.3,200.2,147,148.7,110.4,200.7,256.6,186.8,190,180,198.2,159.5,121.2,,144,194.3,,123.1,172.3,169.8,138.1,147,152.4,127,143.4,154.2,131.6,
4/1/1985,146.1,179.1,190.9,199.1,131.1,127.5,,102.1,101.7,122.1,200.7,248.4,78.5,103.9,113.4,205.4,197.1,,201,198.6,,150.8,125.9,244.9,123.6,133,174.4,135.2,186.6,127.2
5/1/1985,,107.7,105.5,89.7,92.7,107.6,106.2,94.4,115.3,,123.3,126.4,109.7,91.9,71,90,92.3,157,,109.2,150.6,,112.2,189.6,,,,125.8,,71.4
6/1/1985,16.4,19.1,5.1,,15.7,16.5,29.3,27.5,,19.3,16,16,20.2,,25.8,17.2,28.3,18.7,,15.1,15.6,14.6,17,22.5,35.6,22,38,40.4,30.4,31.3
7/1/1985,,30,,28.9,,22.5,41.4,36.5,30.7,22.8,21.7,37.2,6.2,,,,47.6,26.6,1.8,28.2,37.6,29.5,17.7,19.2,41,36,41.6,22.8,,36
8/1/1985,7.3,13.7,23.9,6.7,9.8,4.3,9.8,24,18.8,11.2,5.5,14.2,14.3,,4.8,,9.5,7.4,,5.5,2.3,6,0.9,3.8,18.1,7,12.4,42.4,0,
9/1/1985,40.7,,12.2,,20,26.7,,35.8,32.4,42.4,37.8,68.4,29,33.4,,,30.5,21.6,6.1,22.9,29.8,,30,,,,90.2,28.8,,81.9
10/1/1985,16.5,28.6,34,25.1,56.2,7.9,31.4,13.3,35.6,59.6,73.7,41.2,24.8,33,,31,45.7,,11.2,70.3,21.7,43.8,,32.6,90.5,61,56.2,37.3,70.4,77.8
11/1/1985,,92.9,78.9,140.8,105,126.6,100.4,114.3,82.7,103.6,98.2,166.2,,55.9,73.6,68.6,87.7,117.8,93.3,123.5,144.5,96.4,72.9,,79.8,91,100,126.5,103.6,177.6
12/1/1985,141.6,129.2,81.2,85.4,54,109.3,78.4,,95.5,,100.9,79.6,66.5,40.1,48.8,69.4,70.9,123.4,,54.9,91.3,130.4,59.9,,88.4,,54.6,,,108.5
1/1/1986,120.4,131,118.8,105.9,127.8,190.9,148.6,62.4,170.5,201.4,,104.8,119.5,113.3,184.8,102.6,82.6,115.6,88.7,146.3,88.1,230.4,196.5,226.9,132.7,88.2,139.6,,96.8,254.5
2/1/1986,255.1,304.8,213.8,215.2,187.1,,279.2,224.7,206.5,179.7,312.9,240.2,,,198.4,273,240.4,,175.6,,221.8,,193.1,206.2,,174.8,,234.1,147.8,169.2
3/1/1986,159.5,121.2,151,178.8,144.8,296.7,108.6,86.6,139.9,,,,141.1,121.9,137.8,111,160.6,67.2,,164.6,71.7,138.2,126.7,146.5,171.4,70.4,203,181,104.6,65.9
4/1/1986,69.6,,80.5,94.6,127.3,108.2,,,103.6,83.2,134.8,,88.7,74.1,91,126.2,119.3,115.4,100.4,85,,145.2,114.4,,114.6,23.2,100,,99.6,
5/1/1986,,173,226.1,143.6,,140.7,,136.6,144.3,181,242,215.6,,176.2,145.6,190.4,139.7,171.8,98.1,175.7,,198.1,186.7,154.7,207.2,144.6,255.6,202.6,240.4,248.3
6/1/1986,0,0,,0.1,0,,0,0,,0,0.2,0,0,0,4.6,,,1.4,0,0,0,1,2.7,,3,2.5,,2.9,39.2,2.9
7/1/1986,,27.9,20.8,39.2,13.5,22.9,,20.1,,7.7,21,23.4,5.7,6.4,16.2,23.2,28.6,12.2,1.4,,,,21.1,23.2,17.7,,,,2,11.8
8/1/1986,,173.2,225.2,177.8,178.7,158.6,,150.2,,,160.7,,,141.2,136.2,213.7,192,125.4,56.8,161.3,183,172.4,218,,163.5,135,211,,,174.8
9/1/1986,52.8,59.8,94.6,81.8,78.8,39.6,86.4,89.9,,53.3,92.7,,,,50,76.2,71.5,,28.3,146.7,,89.8,77.4,92.9,70.8,41.5,71.4,,69,
10/1/1986,74.9,45.7,97.3,42.2,47.3,54.9,,,,71.2,,67,57.1,70.1,80.6,47.2,48.4,72.7,56.7,98.8,99.5,,81.3,64.5,73.5,,110.8,64.4,180,105
11/1/1986,94.8,86.4,,107.5,196.2,186.1,68.8,164.1,,110.7,95.4,105,115.8,171.9,170.7,180.8,156.7,37.4,114.2,,62.6,73.6,163.1,76.9,,163.1,149.8,182.2,,128.9
12/1/1986,370.3,338.5,241.2,169.6,,,230,254.5,313.5,230.6,292.2,,154.7,,,245.6,220.4,246.4,192.6,206.4,,250.2,242.5,,193.6,396.7,197.4,184.6,241,181.3
1/1/1987,184.7,,77.8,131.8,126.8,229.5,115,148.7,192.3,,,121.6,73.8,54,120.6,,161.3,125.5,108.1,128.5,162.3,87,296.1,,76.1,212.1,,87.8,112,78.9
2/1/1987,,113.2,227.3,170.7,238.1,144.2,265.3,233,,220.1,158.2,172.2,160.2,166.5,134,222.6,182.2,,164.7,187,441,207.6,193.2,290.8,332.5,192.5,,168.6,201,
3/1/1987,84.4,116.8,,,70.3,25.4,51.3,,52.4,124.2,,18.4,64.6,35.2,48.2,58.8,74.4,23.1,31.6,56.6,,30,38.1,65.3,51.5,10,30.2,13.5,18,62.7
4/1/1987,45.9,82.3,60.3,66.1,,24.7,27.7,187.1,,,29.7,,,106,80.4,62.6,112.9,72.9,,42.3,62.6,,,143.5,75.3,,89.4,90.8,68,91.1
5/1/1987,169.5,155.9,281.8,151.4,,250.6,240.5,,176,238.2,275.1,298,273,219.5,241.6,177.6,186.9,255,217.1,237.6,,282.2,202.7,231.1,285.5,288,273.8,,348,319.2
6/1/1987,207.5,210.4,,179.9,222.1,,144,256.8,,171.7,,155.4,,131.3,,212,213.5,114.5,210.9,,151.5,152.2,,159.3,153.4,109.5,,162.3,,121.6
7/1/1987,22.2,17.3,15.1,33,28.5,,40,24.7,,39.8,27.8,,23.4,34.3,,25.8,,,38.7,27.6,24.9,28,25.2,44.3,50.5,24.2,60.4,41.1,70,79.8
8/1/1987,10.3,,,,,,,6.8,16.1,22,12.4,,22,14.3,,10.8,6.2,7,,,15.7,14.4,4.4,8.7,10,,34.8,9.7,27,51.5
9/1/1987,,53,76.2,72.2,51.2,68.7,43.8,,60.4,100.6,117.4,120.4,114.8,91.7,67.4,62.4,53.9,74,,92.4,121.8,111.6,,91.1,,,118.2,111.7,119,116.8
10/1/1987,114,102.3,36.5,119.4,,,111.6,,107.4,117,80.8,119.2,174,,89.2,115.6,128.4,86.8,155.2,105.4,,131.4,130.5,200.5,116.4,128.5,109.2,87.1,89,115.2
11/1/1987,,197.1,238.1,136.9,203,225.2,319,196.3,245.7,151.7,178.1,214.4,199.8,131.5,,227.4,,325.8,455.7,192.8,308.7,196.8,270.5,376.1,142.4,111,,138,81,
12/1/1987,152,,131.9,123.2,,106,88.8,155.6,169.9,,61,93,125.6,89.8,91.6,142.4,104.7,74,103.1,,67.2,101.6,169.9,147,63,,139,93.7,105.5,123
1/1/1988,158.9,145.5,140.7,153.9,180.5,184.2,,219.1,260.8,159.6,205.3,180.2,157.2,,,,137.7,,15,,112.6,171.6,,118.6,,197.3,177.6,194,83,132.9
2/1/1988,93.5,146.2,59.7,163.7,,80.1,88.6,109.3,198.8,153.5,100.1,94.6,77.8,196.9,81.4,83.6,103.2,,145.1,104.5,126.1,145.6,110.1,69.1,161.6,147.4,,,189,226.6
3/1/1988,144,146,,176.9,173.9,165.7,44.2,195.4,116,64.5,108.6,81.2,,123.2,158.8,175.8,153.5,,83,82,87.6,128,,,91.8,127.7,50,,37,67.8
4/1/1988,,,81.7,,78.2,149.7,174.4,142.9,73.2,,117.6,134.2,80.8,44.9,,112.2,,92.2,88.6,157.3,111.5,146.2,97.6,162.9,120.6,80.6,88.4,78.2,68,96.7
5/1/1988,,139.7,190.6,158.2,,122.2,188.2,119.1,136.2,287.1,239.1,184.2,215.9,309.6,256.6,149.6,122.6,233.1,282.1,239.1,230.5,,317.7,,,,334,274.6,302,302.1
6/1/1988,36.8,61,58.1,73.7,,39.3,38.6,,60.3,,46.1,57.6,29.8,46.9,62.4,74.2,61.6,49.6,81,78.1,50.2,,,54.8,57.6,,63.6,36.5,72,
7/1/1988,0,0,0,0,0,0,0,0,0,2.6,1.3,0,0,3.4,3.6,0,0,0,0,0,,0,0,0.3,7,0,11.2,4.3,,16.2
8/1/1988,0,,0,0,0,0,0,,,0,0,0,0,0,0,0,,0,,0,0,0,0,0,1.2,0,0.4,0,0,
9/1/1988,42.6,38.9,38.5,41.9,38,33.9,,31.9,46.1,67.6,52.9,35.4,47.6,53.6,41.8,,30.2,56.8,71.6,61.6,54.8,,,53.9,60.2,36.6,51.8,48.9,40,74.2
10/1/1988,169.4,,,299.2,180.6,196.1,284.6,195.3,249.7,165.3,180.6,,,132.1,157.6,232.2,196.5,211.9,144.6,137.8,,,132,174.4,109.4,166.5,,140.4,73,117
11/1/1988,164.8,134,61,,93.2,157.3,50.2,117.1,40.5,,,,80.8,69.9,,124.6,131.5,59.9,,56.8,,,19.1,54,23.8,69.1,29.4,33.3,,
12/1/1988,143,220.6,170.9,145,,105.3,89.6,,198.5,,157.5,180,116.2,145.3,193.2,134.8,138.4,154.3,89.4,122.9,116.6,156.6,139.2,,160.8,104.5,151.6,235.7,,216.4
1/1/1989,264.4,359.8,,257.5,355.2,259,377.2,414,295.3,,337.1,375.8,349.8,285,,321,,,659.9,265.7,334.5,,,,252.8,214.1,315.4,366.9,,244.2
2/1/1989,152.4,,206.2,183.8,106.8,151.8,121.9,174.5,218.6,140.4,152,128.6,157,288.5,147.2,175.2,128.2,,199.3,128.6,232.5,162.6,173,,152.6,295,,161.5,89,232.4
3/1/1989,166,,,151,,154.1,128,309.8,211,135.3,166.5,161.6,108.4,,100,195.2,260.3,158.8,43.5,181.6,89.3,210.6,115.8,169.4,96.6,129,79.6,116,67,128.3
4/1/1989,64.6,,49,9.9,27.4,11,,47.9,21.8,14.2,,10,45.1,29.9,43.4,42.8,13.9,45.5,19.1,88.6,63.5,16.8,36.9,34.4,,104,,111,81,84.1
5/1/1989,57.2,34.2,24.4,50.4,48.8,12.4,44.9,63.7,31.8,72.5,,75.4,,94.3,41.2,,44.6,,35,67.6,213.7,33.4,49.7,,54.2,75.1,60,40.6,105,129.1
6/1/1989,71.9,,81.1,95.3,75.4,113,93,,69.9,,89.4,107,79,116.5,79.8,91,77,,94.9,103.8,72.6,93.6,,,,75.5,104,141.3,0,77.9
7/1/1989,101.9,88.1,59.7,107.7,,67,76.8,168.7,120.4,262,139.8,111.2,149.2,231.9,139,121.6,132.8,76.2,122.3,101.8,76.5,130,172,75.4,,222.3,176,124.8,106,181
8/1/1989,40.7,43,,,,,,,48,67.6,,64.6,68.8,63,52.6,44.6,45.7,,107.3,87.7,,,,89.3,57.6,59,86.6,100.9,85,61.7
9/1/1989,112.5,102.1,116.6,109.3,,,,96.1,,133.5,169.2,129,133.2,159.7,161.8,101.8,110.8,148.3,179.7,,121,149.4,147.5,141.3,74.5,123.2,,131.9,112,123.9
10/1/1989,50.1,81.5,109.8,109.7,76.4,83.7,94.3,86.6,82.5,187,118.6,107,119.4,125.3,,88.2,61.1,53,79.8,84.5,66.7,101.8,73.1,,73.2,121.4,103,104.8,89,92.3
11/1/1989,83.1,127,97.8,141.7,,213.2,225.8,205.5,253.5,108.2,118.8,167.2,,107.4,91,148.4,,,60.9,134.4,164.5,,92.7,145.1,,77.6,109.4,81.3,96,143.3
12/1/1989,208.2,178.5,,184.4,199,240.5,373,,107.9,146.4,222.7,226.2,202.4,192.2,227.8,,244.4,335.2,314.2,329.7,232,,321.4,374.7,246,324.6,228.8,395.3,214,227.6
1/1/1990,346.6,347.7,376.7,445.6,401.1,,256.1,308.4,483.6,343,,356.6,311.4,310.2,236.6,338,330.5,267,491.2,300.4,357.5,433.8,,287.5,277.2,359.1,405.6,,,460
2/1/1990,129.5,80.4,32.7,80.5,100.6,62,54.8,93.7,81.3,,43.2,71.6,80.8,77.1,46.6,105.4,,,31.3,24.1,60.4,28,46.1,72.4,,,120.6,,,49
3/1/1990,213.9,147.3,108.4,191.1,180.1,108.5,,123.9,105,117.8,115.4,57.2,115.6,111.4,,174,,,55.6,48.2,76.3,99.8,65.6,,103.2,52.2,112.8,53.6,98,249.6
4/1/1990,44.2,140.8,63.9,79.3,139.6,,73.8,69.3,60.1,59.5,151.9,157.8,169.2,,115,129.6,108.5,77.4,137.5,138.4,,,71.8,151.8,41.8,37,81.4,136,106,
5/1/1990,45.9,,22,58.5,53.8,48.9,,77.2,61.8,84.2,,,,111.5,,44.8,59.3,87.3,67,116.2,130.4,120,93.6,97.1,75.3,,115.2,146.6,170,46.9
6/1/1990,11.8,16.6,25.6,13.4,14.6,20.7,19.4,,17.8,,46,43.6,34.8,40.6,34.2,13.2,15.9,40.5,43.9,61.7,76.7,,59.6,48.6,,72.6,98.3,63.9,44.8,35
7/1/1990,,72.4,171.5,83.3,92.2,119.3,83,,150,226.4,112.3,173.2,,226.2,209,98.6,,,234,314,107.6,119.2,221.9,173.7,149.6,220.1,154.3,249,232.7,241.4
8/1/1990,60.1,66.5,132.7,94,98.6,54.5,105.8,131.2,86.7,,106.9,97.2,90.7,,103.4,98.2,95.5,105.4,146,197,,99,114.3,,97.6,80.7,130.4,,126.8,
9/1/1990,97.2,102.2,129.4,130,119.2,100.4,148.8,92.8,,93,,115.6,86.7,127.8,134.4,126.6,,109.3,193,,130.2,93.6,125.4,,165.2,137.7,171.4,,140.1,162.8
10/1/1990,98.7,72.6,82.6,118.9,117.2,,106.4,,113.9,93.2,116.3,131,133.8,76.8,67.8,,100,44.8,113.5,,120.5,,122.6,97.4,74.7,61.4,129.2,154,120.3,130
11/1/1990,191,223.2,107.3,146.2,153.6,167.5,126,176.2,79.4,158.3,68.8,139.2,63.6,,102,,182.9,141.4,114.2,136.7,113.3,146.2,72.8,116.3,117.2,101.5,138.4,60.8,239.1,211.3
12/1/1990,135.4,107.5,85.8,205.4,128.9,109.3,92.8,,94.5,,97.2,110.4,94.4,119.6,,173.4,131.7,113.5,126.2,198.8,126.1,88.2,,79.5,65.6,,63.8,,23.1,42.4
1/1/1991,216.8,262.4,,,,287.5,170.5,228,227.7,114.9,,,245.4,178,142.6,173.8,169,259.3,257,241.4,279.8,,176.9,163.4,133.4,74.2,122.6,111.2,138.8,112.5
2/1/1991,239.9,272.5,83.3,,210.2,89.2,87.6,357.7,354.9,162.6,109.4,,139.2,204.9,149,,274.1,158.8,203.2,,148.7,126.8,86.9,66.5,109,224,,39.4,200,
3/1/1991,198.2,,159.2,301.7,266.2,,154.4,161.6,261.5,144.2,139,165.2,238.4,182.2,135.8,,272.9,,213.5,202.1,210.5,143.6,197.3,231.9,222.7,147.7,159.6,170.7,364,114.9
4/1/1991,149.7,139.4,162.7,,143.8,125.9,,,239.2,88.5,111.7,85.2,104,80,91.8,95.8,146.1,,,137.5,,141.2,,122.1,117.6,117.4,84.4,74.2,,74.7
5/1/1991,7,18.3,133.6,24.5,37.4,27.5,,23.2,33.8,98.7,,46.4,,72.2,18.4,,19.7,53.9,28.5,67.7,92.1,44.4,26.4,,70.4,19,,49.5,128.5,51.4
6/1/1991,123.5,71.8,,100.3,95.8,,97,95.6,104.3,84.3,125.2,131,108.6,77.5,84,87.6,112.7,,,120.9,145.8,109,149.8,,92.4,119.6,133,116,33.6,162.5
7/1/1991,19.2,23.6,60.3,29.9,,28.5,31.1,34.1,28.4,,17.6,16,17.6,38.5,31.2,25.8,30.6,18,,16.6,20.5,18.8,,11.1,21,70.8,16.8,30.8,18.3,92.5
8/1/1991,,2,47.4,16.9,,0,6.9,10.3,31,,38.5,31.2,31.9,45.5,64.2,7,,16.4,58.3,47.4,30.5,26.8,42.9,,,40.5,82.2,79.3,28.6,43.7
9/1/1991,32.8,47.9,92.3,63.3,86.4,51.2,,107.2,72.7,77,69.2,80.4,73.4,,,71,,,,74,118.5,89.6,89.8,96.3,92.6,159.2,79.2,123,107,58.1
10/1/1991,116,82.5,,103.8,194.2,131.8,58.2,125.4,137.8,70.6,98.9,63.8,97,74.5,91.8,160.1,113.2,97.4,,67.3,,,78,,237.4,,233,79.9,116.1,230.1
11/1/1991,97.3,142.4,85,119.1,129.9,172.5,66.5,157.6,,73.8,95.2,167.1,,113.2,95,,128.6,181.6,157.7,53,,,122.8,182.4,73.4,70.6,57.8,,29.3,78.7
12/1/1991,236.4,195.5,198.4,230.4,384.5,172.9,271.5,314.4,,270.9,316.8,343.9,420,241.9,234,262.2,313.5,,163.5,184.5,270.5,,270.5,,173.9,284.2,297.2,300.6,125.7,267
1/1/1992,78.1,62.6,86.4,60.8,44.9,,,143.9,91.1,,59.5,53.2,82,55.2,47.4,43.9,,52.8,39.9,36.5,20.5,92.6,,60.9,64.8,30.2,43.6,66,268.7,62.6
2/1/1992,162,88.4,,146.4,168.3,183.3,137.3,,108.2,147.3,182.6,270.9,164.4,,134.6,141.4,158.2,222.6,225.3,,185.4,209.8,156.2,159.9,175.6,242.4,178.8,,109,146.8
3/1/1992,224.9,204.8,343.9,340.4,221,283.7,368,336.5,349.6,371.2,262.5,338.2,338.8,470.9,284.4,277.8,,406.1,400.7,410,352.7,308.8,330.7,296.2,184.4,233.9,254.2,366.4,88.1,204.3
4/1/1992,,132.5,175.2,134.9,160.9,158.6,158.7,149.2,192.4,127.7,,201.8,138.4,115.9,,201.7,160.1,170.8,,216.1,152.7,,162.9,145.7,112.2,89.8,,191.6,127.6,119.7
5/1/1992,,,158.3,153.4,153,190.5,205.4,,152.6,,,219.7,182.4,232.6,196,157.4,155.6,184.5,,249.5,215.2,197.4,,250.4,,266,286.8,,,313.7
6/1/1992,6.7,17.9,,25.5,17.5,25.3,63.5,,2.6,20.2,36.7,23.9,32.6,17.2,13.7,,22.8,27.7,28.5,,40.6,31.4,18.6,22.4,,6.1,36,10.3,0,29
7/1/1992,,,62,17,20.4,0.6,18.2,,12.9,,21.8,18.6,,,22.5,25.6,14.6,,32.2,28.1,54.3,,40.4,,74.1,50.2,111.9,57.4,33.8,146.5
8/1/1992,23,18.7,,35.2,16.8,,29.5,6.2,,34.1,24.3,31.3,27.9,28.2,23.7,18.7,17.8,25.8,30.3,44.8,,28,41.2,24.6,72.1,54.5,103.4,64,122.9,65.9
9/1/1992,201.7,198.5,,190.2,220.3,205.3,213.5,232.6,,,140.8,208,152.1,,133.2,,205.4,175.8,,131.6,293.2,,,194.9,87,112.9,107.6,122.6,112.8,96.3
10/1/1992,121.1,,145.7,128.4,150.8,93.3,70.9,159.2,240.3,,141.2,144.8,215.8,187.5,183.5,161.4,165.7,147.9,,147.7,142.5,170.6,262.8,109.9,,215.4,153.2,155,81.1,
11/1/1992,71.4,158.2,139.2,,246,80.9,,187.4,155.4,99.9,103.4,136.9,95.8,,86,201.3,,199,0,152.6,240.2,103.4,142.8,147.2,134.9,,,159.5,99.9,181.1
12/1/1992,85.8,,,,75.2,55.9,63.4,,106.6,94.4,,91.1,83.1,124.6,56.3,49.5,71.5,,129,142.1,122.3,92.2,162.9,66.7,,112,82.7,14.1,50.9,79.5
1/1/1993,,229.1,314.8,249.3,278.9,225.8,214.8,,339.8,303.7,,340.3,289.7,,205.7,263.3,225.1,,,359.4,287,364.8,311.4,336.4,201.7,,271.9,269.7,268.7,197.5
2/1/1993,312.7,,224.9,271.8,344.6,283.6,189.7,436,,335.4,188.8,,250.1,242.7,,295.8,,,186.7,212.3,139.2,324.2,,262.7,267.4,289.3,211.6,170,166.9,223.8
3/1/1993,95.4,123.8,100.3,,82.9,159.5,,203,,83.1,176.3,134.6,65.7,125.1,,106.3,132.4,81.1,66.8,116.8,,,48.8,,121.6,114.7,110.6,157.2,166.2,126.1
4/1/1993,93.5,,86.8,,82.1,114.6,82.9,,72.7,74.1,73.7,,,106.8,96,68.1,110.4,94.5,197.8,181.9,70.8,100.2,98.1,,87.2,,59.6,133.7,,63.1
5/1/1993,106.6,88.2,62,77.7,99.6,81.7,86.9,,123.7,,81.8,,87.6,105.1,73.9,86.9,84.5,75,96.5,,67.3,69.6,86.2,95.3,99.4,,148.8,121.7,93.2,136.9
6/1/1993,65.6,71.8,57.2,80.2,84.8,,87.4,,,65.2,109.8,106.2,,92.7,88.6,89.5,85.1,,107.4,84.5,76.3,99.4,120.2,121.9,136.8,109.8,144.7,141.3,27.8,
7/1/1993,11.7,,,24,,13.4,27.8,25.6,24.7,,32.8,28.5,22,,25.6,23.3,,27,36.3,36.8,38.4,44.4,52.2,36,93,40.3,,68.8,126,102.1
8/1/1993,72.3,43.3,23.5,29.6,38.2,49.4,11.3,40.3,,33.8,,28.8,27.5,39.5,32,28.8,,18,5.1,24.5,23.7,,25.8,12.8,,,15.3,,18,
9/1/1993,123.9,130.6,80.7,108,113.2,82.2,114,174.9,144,202.7,173.7,163.8,193.1,218.9,173.7,127.7,,146.2,,220.7,230.5,180,246,132.9,216.5,223.7,261.2,383.1,,
10/1/1993,,,93.9,73.2,90.4,61.5,122,79.8,48.4,66.8,86.6,129.3,,66.8,,,93.5,118,,115.3,58.3,82.4,155.6,138.6,124.8,,132.4,124.9,139.1,150.2
11/1/1993,228.1,95.5,85.7,,,,87.4,153,105.3,34.9,38.3,54.6,38,38.7,,,74,157.6,32.2,63.2,85.3,42.6,51.4,109,,,57.2,105.7,59.5,31.7
12/1/1993,112.9,88.1,199,200.9,175.9,264.7,193.1,196.3,231.9,218.7,,189.9,149,,93,193.7,,202,184.5,176.5,204.9,,101.8,293.2,214.5,219.3,,,160.1,206.7
1/1/1994,222.2,194.7,286.3,,185.5,196.3,297.2,,274.9,271.6,221.2,238.3,202.6,254.5,231.6,164.6,221.7,,276.1,249.9,118.1,261.4,276,272.6,287.3,,239.3,132.6,117,239.5
2/1/1994,,164.3,110.3,162.7,177.1,256.9,127.5,133.8,204.8,234.7,97.7,,130.3,140.3,,134.6,184.4,41,73.1,36.2,83.5,114.8,110.4,155.5,,103,,,,115.7
3/1/1994,162.5,102.3,172.2,185.9,168.7,125.2,61.7,127.8,175.3,,107.6,,90.4,75.2,84.5,138.6,149.2,21.4,58.6,57.8,,,61.2,,93,100.7,60.5,87.3,111.6,72.2
4/1/1994,84.1,,56.5,93.1,172.2,113.1,48.6,146.9,95.2,76.1,137.2,82.1,,66.9,,159.4,122.4,159.9,,,,98.2,74.2,69.5,66.8,96.3,99.8,117.1,,71.7
5/1/1994,,,46,124.8,77,69.1,,131.4,39.3,72.3,,86.2,77,56.1,86.9,87,88.2,48.6,55.6,107.4,72.5,71.6,,113.9,,29.7,122.4,152.1,132.2,131.9
6/1/1994,,52.5,101.9,71.3,71.5,75.3,111.6,38.5,41.4,91,106.6,98.6,88.1,95,80.5,,69.7,128,221.3,,,127.4,137.4,188.7,152.3,19,150.1,149.4,,155.4
7/1/1994,12.6,20.9,14.1,,36.1,22.2,22.9,19.4,28.9,15.9,12.8,,7.6,7.8,8.6,,31,5.5,39.6,17.8,33.2,14.4,33.1,18.7,103.9,8.4,126.6,56.4,98.2,
8/1/1994,0,0,0,0,0,,,0,,0,0,0,0,0,0,0,0,0,0,0,0,0,0,0,0.4,0,,0.3,0,
9/1/1994,20,17.9,24.2,17.2,16.9,,25.9,33.5,,8.2,11.6,,,,9.4,25.4,,10.6,15.5,14.2,,14,19.3,33.8,5.9,13.2,,46.1,,16.6
10/1/1994,120.8,,131.8,76,83.7,105,,137,132.6,105.8,123.5,101.8,105.2,87.4,99.1,,91,106.4,112.6,63.6,69.9,101,113.8,,138.7,83.2,,114.4,,231.7
11/1/1994,137.2,124.8,100.8,168.7,213.9,,93.6,227.4,,248.6,166.1,144.4,201.6,274,,,218.6,174.5,,157.3,136.5,,177.2,153.2,165.3,65.2,147.7,126.1,95.1,141.4
12/1/1994,215.8,241.9,119.6,,235.1,168.9,,,264.6,,111.9,137,270.9,198,202.9,269.1,217.8,79.3,105.8,57.8,54.5,149.8,72.3,,,204.8,222.6,,,177.9
1/1/1995,236.7,236,298.6,207.7,349.4,348.5,276.8,415.8,321.5,,365.1,330.1,,432,385.7,328.4,300.5,182,,267.2,137.9,377,392.6,,406.6,419.3,313.6,460.7,,275.1
2/1/1995,221.4,200.3,119,132.1,210.5,272.1,207,,132.8,212.8,158.3,152.6,131.8,124.4,179.7,240.6,,139.6,262,,122.7,197.6,219.5,222.7,142.6,256.1,72.4,194.5,,
3/1/1995,161.6,124.9,,128.8,136.8,,161.2,262.2,121.3,137.9,174.9,,112.4,,,116,97.9,173.9,57.6,95.3,66.4,,123.8,90,122.5,215.2,112.1,225.5,78.9,109.2
4/1/1995,127.6,126.2,180.2,135.6,182.1,113.2,144.9,85.4,199.8,88.3,173.2,135.5,171.1,121.3,128.8,193.5,161.5,72,66.6,123.3,,153.8,,,92.1,,113.1,101,94.3,139.9
5/1/1995,45.3,64.1,,69.3,97.8,52.1,,78.6,,,45,51.4,87.1,44.3,,111.6,,39.9,,,26.9,35.4,29.2,,36.8,30.7,32.6,26.6,46.8,
6/1/1995,57.6,29.3,54.4,84,17.7,28.1,26.7,20.7,40.5,,104.6,78.7,99.4,95,107.7,26.4,28.1,63.9,132.6,,39.5,75.6,105.8,75.9,80,,115.2,,,110.5
7/1/1995,,,82.4,30.6,83.6,49.7,94.1,98,109.3,99.1,69.8,57.6,97.5,74.9,71.6,75.6,90.7,61.8,42.6,75.8,,68.4,111.8,68.8,87.8,77.4,97,82.4,25.4,135.6
8/1/1995,,7.5,0,5.9,11.9,7.9,4.1,19.6,,29.6,27.3,16.4,25,,32.4,,10.5,24.3,70.1,37.7,,30,30.6,,42,,33.9,,26.2,43.6
9/1/1995,112.5,125.8,97.5,125.1,119.1,111.8,102.1,114.5,104.5,195.5,,,162.7,171.1,197.2,114.1,,,221.3,185.1,70.8,174.2,219.9,,202.4,206.7,185.9,199.8,102.7,148.7
10/1/1995,147.5,193.7,141.8,166,182.7,,201.9,278.7,,188.1,172.3,204.4,176.9,159.9,177.2,164.5,159.3,210.5,207.1,188.6,68.7,186.5,191,,179.8,155.5,185.1,174.7,,
11/1/1995,145.1,94.4,61.1,55.9,54.5,88.9,55.1,57.5,46.3,53.1,53.2,,33.6,35.5,43.3,27.2,56.9,,53.8,42.2,,37.8,57.2,,71.6,22,105.8,52.2,40.2,85.1
12/1/1995,,116.5,110.3,115.2,112.8,190.9,97.1,163.8,,134.2,154.7,105,,,83,119.9,135.2,,135.4,119.4,,,135.7,127.5,131.6,126.4,90.6,99.5,136.4,
1/1/1996,,310.2,126.2,147.5,95.5,191.8,157.3,131,137.7,187.8,,158.7,143.2,212.3,203.2,,92.5,,170.7,76.8,57,134.4,167.4,,246.5,291.8,175.5,264.4,252.4,261.7
2/1/1996,189.5,178.2,188.3,188,258.1,,195.1,303.5,165.7,144.4,,212.3,117.1,,170.5,124.7,155.2,108.4,,150.1,87.9,169,219.4,223.6,216.2,160.6,,90.5,189.7,
3/1/1996,185.5,250.3,,193.3,308,,196.6,333.3,284.1,274.3,227.5,208.6,261.6,174.7,159.8,196.5,296.5,,226.5,167,153.1,,75,143.8,199.6,99.7,307.4,,,262
4/1/1996,,13.5,77.4,67.8,62.5,113.4,95.3,61.4,29.9,85.9,71.8,112.7,92.6,105.8,90.2,113,62.6,66.6,51.5,44.7,,91.4,98.6,105.9,223,153.4,60.7,95.1,46.8,
5/1/1996,29.5,29.3,35.6,,,37.1,67.7,20.3,12.2,10.9,12.8,13,19.2,8.6,,21.2,19.5,15,10.2,20.9,13.8,16.2,19.3,38.9,30.2,22,12.4,15.6,13.3,
6/1/1996,11.7,4.2,2,5.5,23.1,7.8,,20.5,29,44.5,,15.4,35,32.7,,16.1,35.4,1.7,34,19.1,6.3,35.2,24.8,7.2,,87.1,,49.6,40.1,73.6
7/1/1996,17.8,,15.1,17.9,,0,24.3,,,22.3,,24.4,31.4,18.1,17.2,,15.4,17,25.3,10.4,11.7,21.2,12.1,10.5,34.8,24.5,18.7,14,48.6,23.2
8/1/1996,21.4,14.2,28.3,,23.3,14.3,38.6,,26.4,31.4,,32,24.5,,46.3,22.8,18.6,39,33.6,,12.3,,,25.8,57.4,32.2,54,49.8,47,57.6
9/1/1996,112,,130,133.5,,147.8,130.1,,192.2,162.6,,183.2,,,152.7,,148.6,123,193,,,139.8,,,179.1,104.5,197.2,202.8,,
10/1/1996,162.6,103.1,133.9,109.9,150.6,96.8,165.7,,143.3,143.8,122.6,,161.8,,171.6,119,130.3,,198.4,167.1,90.3,151.1,190.8,127.6,180.9,236,,161.2,83.8,239
11/1/1996,84.6,57.7,100.2,92,,81,128.9,,,34.8,120.5,177.8,53.1,,,,103.7,,,180.8,85.3,152.4,86.2,151.2,139,53.9,190.6,91,67,197.6
12/1/1996,169.5,137.3,247.6,,254.8,319.3,,280.7,204.9,158,148.8,137.6,,206.7,218,,,191.2,269.1,,89.1,150.8,238.5,240.4,,191.6,334,281.1,214,196.2
1/1/1997,537.6,477.5,,353.4,509.5,385.3,435.2,,523.7,,382.7,360.3,514.6,538,419.6,597.2,542.7,441.7,618.7,503.1,373,411,,406.6,340.6,516.7,330.4,443.1,244.6,318.5
2/1/1997,,77.2,183.1,172.7,,155.6,178.4,273.8,207.6,121.8,196.1,146.7,96,98.9,65.4,166.5,164.8,230.5,260.7,191.7,165.3,,250.8,266.3,164.7,,121.5,235.2,156.5,172.1
3/1/1997,39.1,77,43.6,44.8,43,23.9,21.1,,22.8,59.3,34.7,,41.2,47.7,29.4,34.8,82.5,20.8,37,55.1,31.4,28.8,34.3,24.2,33.7,,23,27.7,103.7,67.5
4/1/1997,36.2,70.7,73.7,66.5,89,49.3,,127.5,66.4,67.2,90.5,,,84.6,64.4,79.2,90.5,83.9,55.2,53.8,54.6,74.8,65,30,,33.4,,,32.3,42.8
5/1/1997,81.8,106.1,112.4,89.1,87.1,98,,98.6,74.3,80.1,,,83.4,74.8,50.1,90.4,99.4,,52.3,68.3,101.3,,,72.7,56.6,72.9,59.7,63.2,63.4,67
6/1/1997,,204.5,,,,178.5,227.5,194.7,179.1,220.8,235.2,237.2,225.9,197.8,,,211.2,266.7,265.8,268.1,315.1,244.6,249.9,,218.2,223.2,227.1,,145.5,206.7
7/1/1997,15.1,,12.6,13.3,15.2,20.5,,17.9,14.9,15,20.4,19.1,21.9,23.6,27.9,,,26.1,67.8,32.8,24.6,20,35.8,25.4,49.8,46.4,54.9,21.6,42.4,65.8
8/1/1997,18.5,33.1,13.3,,37.6,18.8,11,31.6,52.3,65.8,68.6,53.7,68.9,88.1,,,32.5,69.5,83.7,75.4,31.7,74,101.2,39.3,70.7,106,60,49.6,55,68.8
9/1/1997,104.8,82.1,60.8,90.5,,97.2,,80.6,65.6,,70.4,73.3,,83.2,145,92.8,100.2,,71.3,66.2,,84.2,144.3,61,,170.8,285.8,200.8,230.6,264.4
10/1/1997,98.8,202.4,149.6,209.5,295.4,190.6,196.7,190.6,114.4,91.3,91.6,,154.3,82.8,,234.7,278.3,,92.4,96.1,122.4,110.4,124.7,167.8,,,208.5,166.6,212.2,203.7
11/1/1997,214.4,251.9,229.9,171.5,307.5,136.9,209.7,331.4,,,,190.9,,223.7,164.6,271.5,225.2,188,266.1,269.5,238.8,222.2,153.8,275.7,,183.6,264.3,,,193.2
12/1/1997,146,138.9,89.5,88.6,115.1,92,82.6,177.9,114,156.9,111.2,120.7,80.7,186.8,,99.3,92.7,133.5,,72.8,,110,225.9,,235.4,135.5,168.2,,127.4,140
1/1/1998,,120.4,95.6,60.9,,147.9,79.3,100,,,136.6,150.9,129.6,122.5,74.5,,,,78.8,,48,107,113.4,191.5,,60.7,142.1,169.2,139.2,202.1
2/1/1998,277.4,222.3,,266.1,276.3,192.2,,368.5,429.9,,225.9,222.6,293.2,288.5,285.4,238.4,259.4,282.2,312.1,178.9,185.6,194.6,241.6,317.4,195.3,248.8,196.3,,179.5,150.9
3/1/1998,167.5,176.6,206.8,,163.7,,,247.6,,139.3,130.2,155.4,197.3,146.1,266,246.9,200.6,184.3,,203.2,,150.6,191.7,212.5,246,,196.1,210.5,202,200
4/1/1998,75.5,96.1,157,118.2,148.6,196.3,160.9,144.4,135.5,135.6,190,,231.7,120.7,,117.6,123.2,207.2,191.8,224.6,,183.5,,,218.6,133.8,233.8,,189.6,167.4
5/1/1998,92.6,82.9,114,89.2,82.7,,118.5,,,73.1,96.2,87.7,93.8,70,61.6,64.8,88.4,116.3,114.5,107.2,90.4,100.9,70,105.9,54,48.3,63.4,66.7,64.6,68.3
6/1/1998,,21,28,26.9,33.3,18.3,33.3,31.8,21.2,49.7,36.6,29.8,40.6,,34.5,,29.9,38.8,38.8,64.3,33.9,,29.9,33.5,106.8,61.4,107.9,78.8,118,76.1
7/1/1998,40,24.8,,22.3,,5.6,25.6,17.1,42.9,54.3,53,46.3,,57.6,35.3,31.6,,50.7,44.7,55.9,,39.8,56.5,51.1,,,52.9,12.3,64.8,77.1
8/1/1998,120.2,109.9,77.5,,117.4,112.7,87.6,,83.3,104.7,,81.2,91.4,102.5,124,138.7,120.5,98,95,,94.3,87.2,117.9,,131.5,,,,150.2,171.7
9/1/1998,101.5,130.4,199.2,160.9,161.5,,207.6,188.8,163.9,211.8,216.6,182.6,,200.7,243.3,168.9,145.5,202.5,,,197.4,245.9,,247,313,314.8,,349.7,321.4,294.1
10/1/1998,139.9,,113,142.3,144.8,166.1,198.2,192.4,182.9,180.6,164,149.4,180.1,186.5,183.6,,137.2,150.1,185.4,207.4,155.2,199.3,174.8,163.2,296,111.1,,193.2,268.1,248
11/1/1998,,19.1,30.9,36.8,24.8,33.2,,25.9,21.3,,16.2,21,30,32.6,28.5,22.1,22.7,,24.4,,20.9,14.3,34.1,,8.4,,3.7,57.7,12,7.4
12/1/1998,170.8,207.1,212.1,203.9,277.5,197.1,,,,210.1,191.4,152.4,233.2,,136.8,211.3,275.2,222.7,,,214.5,182.7,162.7,189.4,182.8,173.2,211,144.6,,105.1
1/1/1999,236.7,295.7,283.5,376,330.7,563.5,418.2,443.8,264,303.3,325.5,259,336.5,254,234.8,319.1,319.1,369.6,195.8,230.7,,,165,267.3,342.1,184.3,,252.5,158.5,219.1
2/1/1999,147,226.5,102.6,135.7,117.8,189.1,,226.7,,139.8,135,170.5,196.2,118.3,,,,287.2,199.2,,,258.3,81.1,,184.2,246.9,175.6,200.7,142.6,158.2
3/1/1999,0.9,104,,194.8,94.4,199.5,166,79.4,84.5,,50,,,97.9,74.2,,141.6,113.3,,88.9,104.7,,63.6,158.9,124.3,46.2,68,208.8,86.9,94.7
4/1/1999,80,76.6,144,105.4,105,89.7,93.8,111.9,,110.2,90.8,,115.2,97.2,113.2,120,95.4,,114.6,91.7,101.2,,134.7,109.7,63.5,123.5,76.2,76.3,86.6,118.7
5/1/1999,,53.8,73.6,,77.4,73.9,,,56.6,41.4,,65.1,64.7,68.2,54.2,69.9,84,,,97.7,77.8,78.8,,,87.8,44,87.8,100.4,50.5,83.6
6/1/1999,84.2,79.7,64.2,82.9,73.8,77.9,111.1,83.7,76.3,89.6,,101.8,84.4,68.3,71.3,99.6,75.4,96,110.9,,84.6,85.1,,98.4,,,76.4,,,50
7/1/1999,26.4,29.3,55.7,48.2,38.8,32.2,75,49.3,58.5,83.9,45.8,70.4,59.2,,104.7,49.7,,87.6,107.9,77.3,,,80.7,83.5,111.8,118.1,108.8,109.8,,130.8
8/1/1999,0,0,,,0,1.6,0,,0.2,0,0.2,0,0,0,0.4,0,0,0,0,0,0,1.6,,0,2.5,0,3.3,0,3.1,3.7
9/1/1999,101.6,74.9,,70,77.9,39.4,74.9,98.4,93.2,158.6,112.5,69.7,,124.8,137.1,84.7,83.7,91.8,,141.1,94.7,97.8,108.1,50.2,98.5,136,100.7,87.8,108.8,107.7
10/1/1999,69.7,,94.8,,75,114,85,88.3,59.6,80,46.3,58.1,,61.8,83,,73.1,87.8,59.3,52.4,62.9,,77.5,79,72.4,55,89.2,99.1,66,
11/1/1999,26.1,25.9,36.5,37.7,34.5,,22.3,31.6,21.1,22,41.7,43.7,32.6,,53.6,,31.2,50.1,55.9,,70.2,47.4,41.2,40.9,43.1,69.4,42.8,,,
12/1/1999,,135.8,192.2,,66.3,120.6,140.7,91.4,130.5,126.9,34.1,,79.2,48.8,27.6,95.6,63.9,89.4,63.4,79,97.7,,76.8,80.9,,78,102,105.1,123.9,108.2
1/1/2000,97.4,,,179.7,,102.6,108.7,187.9,109.7,128.2,113.9,76.1,182.5,169.6,100.7,81.5,,137.4,166.6,,,100.3,,102.5,98.7,72.2,174.9,124.8,166.4,
2/1/2000,333,325.4,270.8,,370.8,433.8,322.7,358.1,190.7,228,236.5,,,327.9,273.8,323.8,343.7,284.8,,251.2,,289,258.2,272,319.7,292.6,,,177.3,358.2
3/1/2000,283.9,,135,166.5,171.5,56,235.3,159.8,143.8,171.5,,91.2,,,57.4,108.1,139.5,128.6,118.9,,84.7,116.9,,122.8,18.1,83.6,57.1,45.6,63.7,85.7
4/1/2000,,11.1,18,16.4,8.5,39.8,48.5,0,0,2.6,1.6,,0,0,0.2,11.3,5.2,3,3.1,3.1,0,2.4,,9.7,30.4,0.9,16.6,15.4,27.1,24.9
5/1/2000,19.4,,20.1,29.5,50.6,48.1,26.4,54.4,20,,16.7,34.8,,,18.9,,39.3,35.8,,31.6,21.1,15.3,42.1,22.6,29.8,21.1,,,39.4,50.8
6/1/2000,14,24.5,21.7,,30.1,21.7,32.9,17.5,16.3,48.6,55.2,23,46.6,31.8,44.5,28.2,27.8,56.6,65.3,69.3,41.1,65.7,97.8,82.9,148.9,59.3,177.6,154.2,156.2,138
7/1/2000,65.2,51.8,57.4,57.9,59.4,58.9,58.6,35.8,53.2,50.1,50,45.7,50.5,42.2,52.8,57.1,,52.4,51.5,,39.5,47.5,58,64.4,,47.7,73.7,44,79.2,77.1
8/1/2000,,59.9,,73.6,,76.3,133.5,,67.6,,94.6,67.5,,,96.7,93.1,74.9,103.4,,,,104.1,151.5,,170.7,165.2,159.1,155,146.6,143.3
9/1/2000,133.7,182,166.9,143.5,,148.5,158,164.5,125.8,201.5,,166,126.8,190.1,,125.6,160.9,,234.3,,,163.9,,179,184.4,196.5,191.7,292.8,145,170.2
10/1/2000,25.5,67.7,48.2,77.1,111.4,75.5,92.1,,66.5,91.1,58.5,62.4,84.8,95.4,67.3,114.5,114.7,50.6,,77.4,80,49,81.9,53.9,130.4,129.4,140,75.8,139.5,
11/1/2000,251.3,155.3,228.9,,248.9,258.9,,205.1,217.5,182,258.4,199.4,,163.4,132.3,234.5,,,103.8,133.6,262.6,264.3,153.5,201.9,242,184.4,180.3,242.4,163.6,167.9
12/1/2000,122.8,114,117.9,316,114.2,151.2,109.8,156.4,187.2,,172.5,54.6,70.4,159.4,157.1,77.6,121.6,36.8,,95.5,,,99.9,130.4,180.8,146.7,176.7,157.3,173.3,116
1/1/2001,146.6,104.2,185.9,202.7,125.4,253.8,156.6,70.2,208.1,76.4,103.2,80.2,148.6,103.4,51.9,125.5,127.2,60.9,,88.6,84.8,110.3,89.8,102.1,203.9,195.5,166.4,189.5,160.5,220.5
2/1/2001,353.2,299.2,,240.2,,263.9,219.6,,270.2,,290.4,,,,149.9,342.7,341.3,229.3,,,211,236.3,197.6,293.7,298.7,254.1,238.9,146.6,307.1,227.2
3/1/2001,216.3,,182.3,79.3,163.6,167.3,34.5,85.2,,174.3,,104.3,197.5,118.2,61.9,123,193,38.1,24.8,78.8,32.6,,81.9,93.1,116.4,122.9,81,58.2,,102.6
4/1/2001,20.9,,,35,,63.9,14.7,59.7,,80.7,30.6,39.5,32.8,,68,36,28.8,,50.3,54.7,38.1,31,60.8,49.5,109.1,,141,139.6,94.1,89.2
5/1/2001,106.3,157.1,,199.7,146.8,84.4,,138.7,126.2,157.1,125.7,143.2,183.6,150.6,,172.2,140.6,126.2,158.1,148.1,119.4,152.4,132,157.7,152.3,188.1,171.2,122.8,189,162.1
6/1/2001,60.9,59.1,,63.1,,51.5,,90.4,,96.9,102.3,102.6,70.2,,79.1,90.6,63.8,,107,119.2,,115.6,117.1,92.1,161.8,123.3,123.1,129.3,,171.2
7/1/2001,9.3,38.5,,,61.8,34.7,,58.4,,71.8,65.4,,54.4,81.9,86.8,56.8,49.4,54,40.7,49.8,66.3,66.6,53.5,39.3,118.2,,133.4,87.6,121,117.9
8/1/2001,61.4,51,,,42.5,,39,61.1,51.8,63.6,52.1,43.4,,,48.3,,53,44.8,82.5,89.8,52.7,54.5,99.6,45.1,60.4,56.5,90.6,99.2,47.9,71.6
9/1/2001,,55.6,,67.3,,79.9,85.4,,,130.4,,108.1,95.1,95.9,,63.3,54,99.8,118.3,,105.8,94.6,97.4,72.8,130.8,75.9,148,,132.1,
10/1/2001,,91.6,56.8,67.5,108.2,88,65.9,153.5,120.3,108,91.6,119.9,88.9,119.1,137.2,123.3,143.2,68.7,98.3,105.4,89.3,91,75.7,55.5,224.3,159.7,,76.2,225.3,274.1
11/1/2001,112.8,59.3,75.4,166.3,146.5,,116.9,99.4,194.4,100.6,99,76.7,,35.7,45.5,,90.3,90.1,55.9,76.7,101.5,84.1,77.6,68.9,205.2,81.6,151.4,130.6,159.1,164.4
12/1/2001,173.1,129.9,112.4,197.7,,136.4,188.9,,355.8,,196.1,,280.2,217.6,141.2,170.3,,157.4,,208.6,131.8,237.1,183,242.1,218.6,,183.4,,88.4,198.7
1/1/2002,159.7,,326.7,220.3,313.8,199.4,202,265.7,238.1,146.2,247.8,,,208.4,,260,,,241.5,,270.7,,263.2,223.7,,,255.5,213.5,,238.3
2/1/2002,105.2,127.2,144.1,160.6,,122.4,98.9,,211.5,105.2,142.9,146.8,,88.8,51.4,196.9,112.3,146.7,,123.8,151.1,123,92.6,66.1,81.6,61.5,,58.6,119.4,125.9
3/1/2002,130.1,141.9,151.5,146.8,119.8,30.4,80.6,89.5,95.8,99.9,120,160.6,,136,,,176.4,,136.5,121.8,,166.7,241.1,71.1,160,249,,,47.9,85.4
4/1/2002,,,,5.6,0,0,1.3,12.2,0,1.3,5.3,29.8,3.3,6.7,5.9,16.8,10.6,2,0,,7.6,8.7,24.8,2.5,17.8,18,95.6,,40.4,16.4
5/1/2002,195,,197.4,239.4,171.9,190.6,239.6,190.9,172.1,169.7,194.5,256.7,162.2,183.7,,224.4,153.8,,249.2,222.1,231.4,216.4,,,240.7,175.4,,,227,
6/1/2002,8.5,0,2.9,6,,7.7,1.9,2.3,5.2,21.6,0.3,,0,0,1.1,0.8,4,1.5,0,0,0,0.1,0.3,3.5,15.8,,6.3,1.8,10.7,
7/1/2002,27.6,,64.2,46.4,46.8,,85,,39,61.4,60.4,59.2,62.7,66.4,51.7,53.6,46.6,62.3,77.1,66.2,79.6,74,62.4,67.7,92.4,58.2,83.4,89.1,79.4,82.9
8/1/2002,39.7,103.4,74.3,,94.6,100.1,54.2,,116.8,91.8,134.7,151.4,131.3,125.2,122.5,,74.5,102.9,147.9,,123.3,139.9,141.2,74.3,110.9,,,68.7,,125.5
9/1/2002,98.4,117.6,74.9,97.8,85.4,101.9,90.1,,100,87.2,81.2,90.4,76.7,,121.4,92.7,,78.3,111.1,82.8,93,93.9,196.2,,154.3,117.5,207,267.3,,136.1
10/1/2002,42.2,,30.9,47,70.8,62.4,78.4,77.3,49.8,110.3,113.3,128.8,,83.3,72.9,113.9,54,64.4,66.2,41.3,150.6,,91.9,26.8,112.6,35,103.6,,,89.7
11/1/2002,198.5,272.8,185.9,267.4,,245.7,155.5,249.3,155.6,231.5,,208.1,220.8,227.1,103.6,,,,165.7,,179.5,192.3,209.1,254.7,,67.1,213.1,275.9,196,246.8
12/1/2002,177.4,233.3,163.6,192.1,201.1,143.4,131.7,145.4,116.4,,125.2,138,122.7,98.5,42.6,196.9,164.2,95.9,,47,123.3,182,156.1,170.9,191,58.4,105.6,166.8,170.4,
1/1/2003,210.5,152.6,209.3,182.1,258.3,208.1,204.8,265.1,,253.4,,185.3,251.2,285.8,152.7,224.2,182.8,246.9,346.3,287.2,272,246.1,254.9,308.6,415.4,,,251.8,,
2/1/2003,,129.9,,163.9,121.5,,138,88.4,125.2,,,,141.7,252.4,86.3,71.6,,156.5,129,229.2,186,138.6,128.6,168.6,202.8,240,,98.9,211.5,120.2
3/1/2003,77.3,127.5,94.9,74,77.8,32.2,,116.9,153.6,172.5,,93.6,180,178.3,111.2,122.2,146.2,91.8,45,61.6,,,55.8,30,75.4,,157.3,,204.2,166.6
4/1/2003,,57.5,105,105,104.4,132.3,115.8,87.4,91.3,,167.3,137.9,156.1,199.5,148.8,100.6,,180.7,142.8,,178.2,202.5,168.6,126.6,112,158.5,,89.2,181.6,130.2
5/1/2003,45.7,38.4,46.8,62.4,58.7,25.8,28.2,68.5,,60.6,94.8,86.3,65.8,,50.5,47.4,,86.3,61.3,,91.4,108,,59.9,36.6,32.7,62,66.8,42.3,
6/1/2003,46.1,50.2,,,45.1,66.9,36.2,44.2,41.4,36.3,35.9,30.7,36.3,55.7,69.5,,28.6,46.7,48.3,64.4,60.3,39.4,36.1,37.8,78.9,,34.9,36,44.2,54.6
7/1/2003,29.9,54.2,85.3,75.5,,,,89.6,64.3,92.3,89.9,64.3,,78.3,101.4,77.8,85.6,75.2,94.2,83.2,87.5,92.1,,66.4,98.3,138.2,118.6,102.3,114.8,
8/1/2003,38.2,41.1,46.6,47.8,54.4,68.5,,48.7,32,37.7,40,41.6,41,34.3,22.9,54.8,44,,42.7,,36.6,38.4,41.6,45.9,21.1,29,,32.1,30.6,
9/1/2003,78.9,54.4,67.7,,70.6,78.7,63.1,79.7,56.8,86.1,67.9,82.6,72.6,63,47.2,74.4,77.4,61.4,45,57.4,52.6,63.7,61.4,74.8,110.4,,111.1,104,137.1,105.2
10/1/2003,96.9,86.2,85.3,,66.1,118.3,68.7,46.7,,,60.8,63.9,,75,,,70,,110.3,147.3,78.8,76,,65.9,107.1,88.6,124.8,128.4,,186.3
11/1/2003,130.6,150.6,139.2,232.6,176.8,,107.6,,,176.2,241.7,253.8,231.6,,106.3,220.7,,,194,124.5,130.8,139.4,,140,,115.3,191.8,108.3,,153.8
12/1/2003,130.7,108.3,94.8,173.7,114.6,156.1,76.8,110,102.8,,112,74,108.9,,,,100,113.6,,109.6,,117,160.2,106.2,236,,287.7,160.6,239.6,178.3
